Sex,Age,SibSp,Parch,Fare,Survived,Pclass3,Pclass2,Pclass1,Embarked_Q,Embarked_C,Embarked_S,PassengerId
1,28.0,0,0,7.75,0,1,0,0,1,0,0,980
0,53.0,0,0,28.5,1,0,0,1,0,1,0,1023
1,35.0,1,1,20.25,1,1,0,0,0,0,1,280
1,16.0,0,0,7.65,1,1,0,0,0,0,1,1237
1,28.0,1,0,24.0,1,0,1,0,0,1,0,875
1,18.0,0,0,7.2292,1,1,0,0,0,1,0,900
0,30.0,0,0,7.25,0,1,0,0,0,0,1,366
1,40.0,1,0,9.475,0,1,0,0,0,0,1,41
1,18.0,0,1,9.35,1,1,0,0,0,0,1,856
0,26.0,0,0,18.7875,1,1,0,0,0,1,0,208
0,30.0,0,0,13.0,0,0,1,0,0,0,1,970
1,25.0,1,2,151.55,0,0,0,1,0,0,1,499
0,48.0,0,0,26.55,1,0,0,1,0,0,1,461
0,27.0,0,0,7.7958,1,1,0,0,0,0,1,147
0,26.0,0,0,7.8958,0,1,0,0,0,0,1,1187
1,36.0,1,0,26.0,1,0,1,0,0,0,1,519
1,53.0,2,0,51.4792,1,0,0,1,0,0,1,572
1,18.0,1,0,17.8,0,1,0,0,0,0,1,50
1,38.0,1,5,31.3875,1,1,0,0,0,0,1,26
1,45.0,0,0,7.225,1,1,0,0,0,1,0,911
0,21.0,0,0,7.225,0,1,0,0,0,1,0,909
1,18.0,1,0,227.525,1,0,0,1,0,1,0,701
1,17.0,0,0,14.4583,0,1,0,0,0,1,0,115
0,30.0,0,0,7.225,0,1,0,0,0,1,0,245
1,13.0,0,0,7.2292,1,1,0,0,0,1,0,781
0,20.0,0,0,7.225,0,1,0,0,0,1,0,1129
1,33.0,3,0,15.85,1,1,0,0,0,0,1,86
1,0.75,2,1,19.2583,1,1,0,0,0,1,0,645
1,0.75,2,1,19.2583,1,1,0,0,0,1,0,470
1,5.0,2,1,19.2583,1,1,0,0,0,1,0,449
1,24.0,0,3,19.2583,1,1,0,0,0,1,0,859
0,26.0,0,0,7.8958,0,1,0,0,0,0,1,871
1,36.0,0,0,13.0,1,0,1,0,0,0,1,328
0,20.0,0,0,7.2292,1,1,0,0,0,1,0,763
1,26.0,0,0,78.85,1,0,0,1,0,0,1,291
1,50.0,0,1,247.5208,1,0,0,1,0,1,0,300
1,32.0,0,0,76.2917,1,0,0,1,0,1,0,219
1,19.0,1,0,26.0,1,0,1,0,0,0,1,547
1,36.0,0,3,39.0,1,0,1,0,0,0,1,1070
1,47.0,1,1,52.5542,1,0,0,1,0,0,1,872
1,19.0,0,0,13.0,1,0,1,0,0,0,1,1150
0,20.0,0,0,4.0125,0,1,0,0,0,1,0,379
1,19.0,1,0,91.0792,1,0,0,1,0,1,0,292
1,35.0,0,0,135.6333,1,0,0,1,0,0,1,270
0,26.0,0,0,7.8958,0,1,0,0,0,0,1,629
1,9.0,1,1,15.2458,0,1,0,0,0,1,0,853
1,28.0,0,2,15.2458,0,1,0,0,0,1,0,141
0,42.0,0,0,13.0,0,0,1,0,0,0,1,1020
0,28.0,0,0,26.55,1,0,0,1,0,0,1,508
0,48.0,0,0,50.4958,0,0,0,1,0,1,0,1058
1,24.0,0,0,13.0,1,0,1,0,0,0,1,346
1,44.0,0,0,27.7208,1,0,0,1,0,1,0,195
1,59.0,2,0,51.4792,1,0,0,1,0,0,1,1248
1,40.0,1,1,39.0,1,0,1,0,0,0,1,671
1,60.0,0,0,76.2917,1,0,0,1,0,1,0,940
1,22.0,1,1,29.0,1,0,1,0,0,0,1,324
1,53.0,0,0,27.4458,1,0,0,1,0,1,0,1116
0,21.0,0,0,8.05,0,1,0,0,0,0,1,38
1,58.0,0,1,512.3292,1,0,0,1,0,1,0,1235
1,16.0,0,0,7.75,1,1,0,0,1,0,0,209
1,37.0,0,0,7.75,0,1,0,0,1,0,0,1205
0,28.0,0,0,47.1,0,0,0,1,0,0,1,84
1,36.0,1,2,120.0,1,0,0,1,0,0,1,764
1,28.0,0,0,27.7208,1,0,0,1,0,1,0,1060
1,76.0,1,0,78.85,1,0,0,1,0,0,1,988
1,47.0,1,0,61.175,1,0,0,1,0,0,1,906
1,33.0,1,0,53.1,1,0,0,1,0,0,1,810
1,29.0,1,0,26.0,0,0,1,0,0,0,1,1011
0,45.0,0,0,29.7,1,0,0,1,0,1,0,938
0,28.0,0,0,0.0,0,0,0,1,0,0,1,1158
1,25.0,1,1,30.0,1,0,1,0,0,0,1,581
0,18.0,1,0,14.4542,0,1,0,0,0,1,0,1007
1,26.0,1,0,136.7792,1,0,0,1,0,1,0,1164
1,28.0,1,0,26.0,1,0,1,0,0,0,1,427
1,22.0,0,0,151.55,1,0,0,1,0,0,1,709
0,36.0,0,0,7.4958,0,1,0,0,0,0,1,664
0,24.0,0,0,7.4958,0,1,0,0,0,0,1,515
1,31.0,1,1,26.25,1,0,1,0,0,0,1,802
1,64.0,0,2,83.1583,1,0,0,1,0,1,0,1071
1,30.0,0,0,13.0,0,0,1,0,0,0,1,935
1,28.0,0,0,21.0,0,0,1,0,0,0,1,957
0,30.0,0,0,8.05,0,1,0,0,0,0,1,158
1,55.0,2,0,25.7,1,0,0,1,0,0,1,969
1,36.0,0,2,15.9,1,1,0,0,0,0,1,941
1,17.0,0,1,16.1,1,1,0,0,0,0,1,1017
1,36.0,0,2,71.0,1,0,0,1,0,0,1,541
1,64.0,1,1,26.55,1,0,0,1,0,0,1,1197
1,38.0,1,0,71.2833,1,0,0,1,0,1,0,2
0,22.5,0,0,7.225,0,1,0,0,0,1,0,919
0,45.0,0,0,8.05,1,1,0,0,0,0,1,339
1,30.0,0,0,6.95,1,1,0,0,1,0,0,1183
1,28.0,1,1,14.4,0,1,0,0,0,0,1,424
0,27.0,0,0,7.8958,0,1,0,0,0,0,1,322
0,25.0,0,0,7.8958,0,1,0,0,0,0,1,795
1,27.0,1,2,52.0,1,0,0,1,0,0,1,984
1,48.0,0,2,36.75,1,0,1,0,0,0,1,1222
1,28.0,0,0,13.0,1,0,1,0,0,0,1,636
1,28.0,1,0,16.1,1,1,0,0,0,0,1,348
1,33.0,1,2,20.575,1,1,0,0,0,0,1,924
1,24.0,1,0,27.7208,1,0,1,0,0,1,0,907
0,28.0,0,0,7.8958,0,1,0,0,0,0,1,975
0,25.0,0,0,31.5,0,0,1,0,0,0,1,1230
0,28.0,0,0,7.8958,0,1,0,0,0,0,1,336
1,17.0,1,0,57.0,1,0,0,1,0,0,1,782
0,43.0,0,0,7.8958,0,1,0,0,0,0,1,1026
1,54.0,1,1,81.8583,1,0,0,1,0,0,1,1266
0,28.0,0,0,7.2292,0,1,0,0,0,1,0,569
1,34.0,0,1,23.0,1,0,1,0,0,0,1,99
1,27.0,1,1,247.5208,1,0,0,1,0,1,0,1076
1,48.0,1,0,106.425,1,0,0,1,0,1,0,1131
0,54.0,0,0,26.0,0,0,1,0,0,0,1,583
1,34.0,1,1,32.5,1,0,1,0,0,0,1,417
0,65.0,0,0,7.75,0,1,0,0,1,0,0,281
1,48.0,1,0,39.6,1,0,0,1,0,1,0,557
1,27.0,1,0,13.8583,1,0,1,0,0,1,0,867
1,30.0,1,0,13.8583,1,0,1,0,0,1,0,1112
1,22.0,1,0,13.9,1,1,0,0,0,0,1,982
1,23.0,0,1,83.1583,1,0,0,1,0,1,0,1042
0,28.0,0,0,7.225,0,1,0,0,0,1,0,774
0,15.0,1,1,7.2292,0,1,0,0,0,1,0,353
0,28.0,0,0,7.225,0,1,0,0,0,1,0,27
1,29.0,1,0,26.0,1,0,1,0,0,0,1,54
1,21.0,2,2,34.375,0,1,0,0,0,0,1,437
1,60.0,1,4,263.0,1,0,0,1,0,0,1,961
0,36.0,0,0,13.0,0,0,1,0,0,0,1,345
0,28.0,0,0,7.25,0,1,0,0,0,0,1,1178
1,28.0,1,0,133.65,1,0,0,1,0,0,1,335
0,60.0,1,1,79.2,1,0,0,1,0,1,0,588
1,35.0,1,0,53.1,1,0,0,1,0,0,1,4
1,35.0,0,0,211.5,1,0,0,1,0,1,0,966
0,28.0,0,0,7.8958,0,1,0,0,0,1,0,421
1,45.0,0,1,59.4,1,0,0,1,0,1,0,1260
0,24.0,0,0,79.2,0,0,0,1,0,1,0,140
0,24.0,0,0,13.0,0,0,1,0,0,0,1,865
1,16.0,0,0,7.7333,1,1,0,0,1,0,0,157
1,28.0,1,0,89.1042,1,0,0,1,0,1,0,850
1,31.0,1,1,20.525,1,1,0,0,0,0,1,329
0,1.0,5,2,46.9,0,1,0,0,0,0,1,387
1,16.0,5,2,46.9,0,1,0,0,0,0,1,72
0,40.0,1,6,46.9,0,1,0,0,0,0,1,1031
1,43.0,1,6,46.9,0,1,0,0,0,0,1,679
1,58.0,0,1,153.4625,1,0,0,1,0,0,1,269
1,45.0,0,1,63.3583,1,0,0,1,0,1,0,1242
0,28.0,0,0,8.05,0,1,0,0,0,0,1,985
1,24.0,1,0,15.85,1,1,0,0,0,0,1,143
0,0.67,1,1,14.5,1,0,1,0,0,0,1,756
1,24.0,0,2,14.5,1,0,1,0,0,0,1,248
0,23.5,0,0,7.2292,0,1,0,0,0,1,0,297
0,26.0,1,0,7.8542,0,1,0,0,0,0,1,705
1,45.0,1,0,14.1083,1,1,0,0,0,0,1,1201
1,25.0,1,0,55.4417,1,0,0,1,0,1,0,1256
0,25.0,0,0,7.25,0,1,0,0,0,0,1,786
1,49.0,1,0,76.7292,1,0,0,1,0,1,0,53
1,35.0,1,0,83.475,1,0,0,1,0,0,1,231
1,45.0,1,1,26.25,1,0,1,0,0,0,1,441
0,11.0,0,0,18.7875,0,1,0,0,0,1,0,732
1,52.0,1,1,93.5,1,0,0,1,0,0,1,821
1,28.0,0,0,7.75,1,1,0,0,1,0,0,275
1,28.0,0,0,7.75,0,1,0,0,1,0,0,265
1,48.0,1,2,65.0,1,0,1,0,0,0,1,755
1,55.0,0,0,16.0,1,0,1,0,0,0,1,16
1,18.0,1,1,13.0,0,0,1,0,0,0,1,1130
1,16.0,0,1,57.9792,1,0,0,1,0,1,0,330
1,44.0,0,1,57.9792,1,0,0,1,0,1,0,524
1,22.0,1,1,12.2875,1,1,0,0,0,0,1,896
1,54.0,1,3,23.0,1,0,1,0,0,0,1,775
1,51.0,1,0,77.9583,1,0,0,1,0,0,1,766
1,29.0,1,0,26.0,1,0,1,0,0,0,1,1140
1,35.0,1,0,52.0,1,0,0,1,0,0,1,384
1,60.0,1,0,26.0,0,0,1,0,0,0,1,1105
1,35.0,1,0,90.0,1,0,0,1,0,0,1,487
0,30.0,0,0,7.2292,0,1,0,0,0,1,0,799
0,28.0,0,0,7.8958,0,1,0,0,0,0,1,902
0,28.0,0,0,7.8958,0,1,0,0,0,0,1,739
0,48.0,0,0,7.8542,0,1,0,0,0,0,1,772
1,23.0,0,0,13.7917,1,0,1,0,0,1,0,474
0,28.0,0,0,8.1125,1,1,0,0,0,0,1,445
0,49.0,0,0,0.0,0,1,0,0,0,0,1,598
1,27.0,0,2,11.1333,1,1,0,0,0,0,1,9
0,28.0,1,2,23.45,0,1,0,0,0,0,1,1136
1,28.0,1,2,23.45,0,1,0,0,0,0,1,889
1,28.0,1,2,23.45,0,1,0,0,0,0,1,925
0,23.0,0,0,7.8958,0,1,0,0,0,0,1,754
1,24.0,1,0,26.0,1,0,1,0,0,0,1,317
1,22.0,0,0,21.0,0,0,1,0,0,0,1,1138
0,28.0,0,0,7.2292,0,1,0,0,0,1,0,525
0,18.5,0,0,7.2292,0,1,0,0,0,1,0,927
1,45.0,0,0,13.5,1,0,1,0,0,0,1,707
1,28.0,1,0,51.8625,1,0,0,1,0,0,1,458
1,28.0,1,0,14.4542,0,1,0,0,0,1,0,1141
1,45.0,1,0,52.5542,1,0,0,1,0,0,1,936
0,29.0,3,1,22.025,1,1,0,0,0,0,1,1286
1,26.0,1,1,22.025,1,1,0,0,0,0,1,1057
0,28.0,0,0,7.225,0,1,0,0,0,1,0,523
1,26.0,1,1,26.0,0,0,1,0,0,0,1,313
0,28.0,0,0,7.8958,0,1,0,0,0,0,1,879
1,49.0,0,0,25.9292,1,0,0,1,0,0,1,797
0,22.0,0,0,7.225,1,1,0,0,0,1,0,554
0,28.0,3,1,25.4667,0,1,0,0,0,0,1,177
1,28.0,0,4,25.4667,0,1,0,0,0,0,1,1024
0,34.5,0,0,6.4375,0,1,0,0,0,1,0,844
1,28.0,1,0,15.5,0,1,0,0,1,0,0,1165
0,36.0,0,0,0.0,0,1,0,0,0,0,1,180
0,35.0,0,0,512.3292,1,0,0,1,0,1,0,738
0,42.0,0,0,26.55,0,0,0,1,0,0,1,1036
1,30.0,1,0,15.55,0,1,0,0,0,0,1,1251
1,55.0,0,0,27.7208,1,0,0,1,0,1,0,1132
1,51.0,0,1,39.4,1,0,0,1,0,0,1,1283
0,28.0,0,0,7.55,0,1,0,0,0,0,1,1062
1,26.0,1,0,16.1,0,1,0,0,0,0,1,618
0,50.0,1,0,26.0,0,0,1,0,0,0,1,922
1,42.0,1,0,26.0,1,0,1,0,0,0,1,433
0,28.0,0,0,7.75,0,1,0,0,1,0,0,1148
1,16.0,0,0,86.5,1,0,0,1,0,0,1,505
0,28.0,0,0,8.05,0,1,0,0,0,0,1,465
0,31.0,1,1,37.0042,0,0,1,0,0,1,0,818
1,24.0,1,1,37.0042,1,0,1,0,0,1,0,1253
0,28.0,0,0,7.2292,1,1,0,0,0,1,0,37
0,28.0,0,0,15.5792,0,0,1,0,0,1,0,946
1,18.0,1,0,53.1,1,0,0,1,0,0,1,1074
1,28.0,0,0,7.225,1,1,0,0,0,1,0,20
1,24.0,0,0,49.5042,1,0,0,1,0,1,0,711
1,28.0,2,0,23.25,1,1,0,0,1,0,0,1019
1,15.0,0,0,8.0292,1,1,0,0,1,0,0,23
0,46.0,0,0,26.0,0,0,1,0,0,0,1,398
1,19.0,1,0,16.1,0,1,0,0,0,0,1,1275
1,28.0,0,0,8.05,0,1,0,0,0,0,1,565
1,28.0,0,0,8.05,0,1,0,0,0,0,1,416
0,55.5,0,0,8.05,0,1,0,0,0,0,1,153
1,28.0,1,0,82.1708,1,0,0,1,0,1,0,376
1,37.0,1,0,90.0,1,0,0,1,1,0,0,1303
1,28.0,0,0,7.8792,1,1,0,0,1,0,0,360
0,47.0,0,0,42.4,0,0,0,1,0,0,1,959
1,28.0,1,0,24.15,1,1,0,0,1,0,0,110
0,28.0,0,0,8.4583,0,1,0,0,1,0,0,6
0,39.0,0,0,26.0,0,0,1,0,0,0,1,706
0,28.0,1,1,15.2458,1,1,0,0,0,1,0,66
0,28.0,1,1,15.2458,1,1,0,0,0,1,0,710
1,28.0,0,2,15.2458,1,1,0,0,0,1,0,1117
0,16.0,0,0,10.5,0,0,1,0,0,0,1,842
1,28.0,0,0,7.7333,1,1,0,0,1,0,0,698
1,24.0,0,0,7.75,1,1,0,0,1,0,0,962
1,28.0,1,0,15.5,1,1,0,0,1,0,0,242
1,15.0,0,0,7.225,1,1,0,0,0,1,0,876
1,1.0,0,2,15.7417,1,1,0,0,0,1,0,382
0,20.0,1,1,15.7417,1,1,0,0,0,1,0,623
1,19.0,1,1,15.7417,1,1,0,0,0,1,0,1225
0,32.5,1,0,30.0708,0,0,1,0,0,1,0,123
1,14.0,1,0,30.0708,1,0,1,0,0,1,0,10
0,36.5,0,2,26.0,0,0,1,0,0,0,1,149
0,28.0,0,0,7.8958,0,1,0,0,0,0,1,224
0,12.0,1,0,11.2417,1,1,0,0,0,1,0,126
1,14.0,1,0,11.2417,1,1,0,0,0,1,0,40
0,41.0,0,0,7.125,0,1,0,0,0,0,1,762
0,20.0,0,0,13.8625,1,0,1,0,0,1,0,1297
0,28.5,0,0,7.2292,0,1,0,0,0,1,0,58
0,28.0,0,0,7.8292,0,1,0,0,1,0,0,553
1,28.0,1,0,15.5,1,1,0,0,1,0,0,187
1,29.0,0,4,21.075,0,1,0,0,0,0,1,568
1,41.0,0,5,39.6875,0,1,0,0,0,0,1,639
1,26.0,0,2,13.775,0,1,0,0,0,0,1,1051
1,22.0,1,0,66.6,1,0,0,1,0,0,1,152
0,41.0,0,0,13.0,0,0,1,0,0,0,1,1056
0,28.0,1,1,22.3583,1,1,0,0,0,1,0,1309
1,28.0,1,1,22.3583,1,1,0,0,0,1,0,129
1,28.0,0,2,22.3583,1,1,0,0,0,1,0,534
1,28.0,0,0,8.1375,0,1,0,0,1,0,0,681
1,28.0,0,0,7.8958,0,1,0,0,0,0,1,101
0,19.0,0,0,7.8958,0,1,0,0,0,0,1,878
0,28.0,0,0,7.8958,0,1,0,0,0,0,1,102
0,32.0,0,0,8.05,1,1,0,0,0,0,1,430
1,56.0,0,1,83.1583,1,0,0,1,0,1,0,880
1,33.0,0,2,26.0,1,0,1,0,0,0,1,507
1,28.0,0,0,8.1125,0,1,0,0,0,0,1,1091
0,28.0,0,0,7.2292,0,1,0,0,0,1,0,860
1,30.0,3,0,21.0,1,0,1,0,0,0,1,727
0,2.0,4,1,29.125,0,1,0,0,1,0,0,17
1,39.0,0,5,29.125,0,1,0,0,1,0,0,886
0,23.0,0,0,15.0458,0,0,1,0,0,1,0,136
1,24.0,2,3,18.75,1,0,1,0,0,0,1,438
1,28.0,0,0,14.5,0,1,0,0,0,0,1,1274
1,43.0,0,1,211.3375,1,0,0,1,0,0,1,780
1,47.0,1,0,14.5,0,1,0,0,0,0,1,133
0,45.0,0,0,26.55,1,0,0,1,0,0,1,188
0,46.0,0,0,79.2,0,0,0,1,0,1,0,1219
1,54.0,1,0,59.4,1,0,0,1,0,1,0,514
1,48.0,1,3,262.375,1,0,0,1,0,1,0,916
0,28.0,0,0,7.2292,0,1,0,0,0,1,0,833
0,25.0,0,0,7.225,0,1,0,0,0,1,0,694
0,28.0,0,0,7.225,0,1,0,0,0,1,0,1166
0,28.0,0,0,7.575,0,1,0,0,0,0,1,1204
0,14.5,8,2,69.55,0,1,0,0,0,0,1,1252
1,28.0,8,2,69.55,0,1,0,0,0,0,1,1080
1,28.0,8,2,69.55,0,1,0,0,0,0,1,864
1,28.0,1,9,69.55,0,1,0,0,0,0,1,1257
1,24.0,0,2,16.7,1,1,0,0,0,0,1,395
1,35.0,1,0,57.75,1,0,0,1,0,1,0,1014
1,30.0,0,0,31.0,1,0,0,1,0,1,0,843
0,29.0,0,0,9.5,1,1,0,0,0,0,1,82
0,28.0,0,0,15.1,0,1,0,0,0,0,1,498
1,39.0,1,0,55.9,1,0,0,1,0,0,1,578
0,22.0,0,0,7.2292,0,1,0,0,0,1,0,61
0,28.0,0,0,8.05,0,1,0,0,0,0,1,838
0,40.0,1,4,27.9,0,1,0,0,0,0,1,361
1,45.0,1,4,27.9,0,1,0,0,0,0,1,168
1,18.0,1,0,60.0,1,0,0,1,0,0,1,1287
1,23.0,1,0,82.2667,1,0,0,1,0,0,1,904
1,40.0,1,1,134.5,1,0,0,1,0,1,0,320
1,28.0,1,0,146.5208,1,0,0,1,0,1,0,32
0,21.0,0,0,8.05,0,1,0,0,0,0,1,495
1,43.0,1,0,55.4417,1,0,0,1,0,1,0,992
1,52.0,1,0,78.2667,1,0,0,1,0,1,0,592
1,62.0,0,0,80.0,1,0,0,1,0,0,1,830
0,31.0,0,0,7.925,1,1,0,0,0,0,1,745
1,63.0,1,0,221.7792,0,0,0,1,0,0,1,1006
1,29.0,1,1,10.4625,0,1,0,0,0,0,1,252
1,48.0,0,0,25.9292,1,0,0,1,0,0,1,863
1,39.0,1,1,79.65,1,0,0,1,0,0,1,559
1,28.0,1,0,52.0,1,0,0,1,0,0,1,670
1,39.0,1,1,110.8833,1,0,0,1,0,1,0,582
0,0.42,0,1,8.5167,1,1,0,0,0,1,0,804
0,28.0,1,0,6.4375,0,1,0,0,0,1,0,1025
0,28.0,0,0,6.4375,0,1,0,0,0,1,0,1008
0,28.0,0,0,7.225,0,1,0,0,0,1,0,1224
1,16.0,1,1,8.5167,1,1,0,0,0,1,0,996
0,28.0,0,0,8.05,0,1,0,0,0,0,1,1111
1,28.0,1,0,16.1,1,1,0,0,0,0,1,432
0,25.0,0,0,0.0,1,1,0,0,0,0,1,272
0,7.0,1,1,15.2458,1,1,0,0,0,1,0,1053
1,9.0,1,1,15.2458,1,1,0,0,0,1,0,1175
1,29.0,0,2,15.2458,1,1,0,0,0,1,0,256
1,28.0,0,0,12.65,1,0,1,0,0,0,1,400
1,27.0,1,0,21.0,0,0,1,0,0,0,1,42
1,30.0,1,1,24.15,0,1,0,0,0,0,1,800
1,31.0,1,0,18.0,0,1,0,0,0,0,1,19
1,31.0,0,0,21.0,1,0,1,0,0,0,1,1241
1,35.0,0,0,512.3292,1,0,0,1,0,1,0,259
1,31.0,0,0,21.0,1,0,1,0,0,0,1,1254
1,60.0,1,0,75.25,1,0,0,1,0,1,0,367
1,12.0,0,0,15.75,1,0,1,0,0,0,1,1012
1,40.0,0,0,15.75,1,0,1,0,0,0,1,162
0,60.0,0,0,26.55,0,0,0,1,0,0,1,695
1,29.0,0,2,23.0,1,0,1,0,0,0,1,1154
1,33.0,1,2,27.75,1,0,1,0,0,0,1,473
1,38.0,0,0,7.2292,1,1,0,0,0,1,0,1239
0,28.0,0,0,12.875,0,0,1,0,0,0,1,1276
1,55.0,0,0,135.6333,1,0,0,1,0,1,0,1206
1,45.0,1,1,164.8667,1,0,0,1,0,0,1,857
1,50.0,1,1,211.5,1,0,0,1,0,1,0,1110
1,47.0,1,0,7.0,1,1,0,0,0,0,1,893
0,28.0,0,0,8.7125,0,1,0,0,0,0,1,1000
0,36.0,0,0,9.5,0,1,0,0,0,0,1,1186
0,27.0,1,0,14.4542,0,1,0,0,0,1,0,621
1,15.0,1,0,14.4542,1,1,0,0,0,1,0,831
0,45.5,0,0,7.225,0,1,0,0,0,1,0,204
0,28.0,0,0,7.225,0,1,0,0,0,1,0,355
0,28.0,0,0,14.4583,0,1,0,0,0,1,0,496
1,24.0,0,0,13.0,0,0,1,0,0,0,1,200
0,26.5,0,0,7.225,0,1,0,0,0,1,0,1028
0,27.0,0,0,7.225,0,1,0,0,0,1,0,1063
0,6.0,1,1,15.2458,0,1,0,0,0,1,0,972
1,44.0,1,0,26.0,0,0,1,0,0,0,1,855
0,28.0,0,0,10.7083,0,0,1,0,1,0,0,976
0,32.0,0,0,7.775,1,1,0,0,0,0,1,1192
0,28.5,0,0,27.7208,0,0,0,1,0,1,0,965
0,0.75,1,1,13.775,0,1,0,0,0,0,1,1173
1,19.0,0,0,26.0,1,0,1,0,0,0,1,428
1,22.0,0,0,39.6875,0,1,0,0,0,0,1,1259
0,47.0,1,0,227.525,0,0,0,1,0,1,0,1094
0,32.0,0,0,7.8542,1,1,0,0,0,0,1,570
0,28.0,0,0,7.8958,0,1,0,0,0,0,1,106
0,27.0,0,0,13.0,0,0,1,0,0,0,1,887
0,14.0,4,1,39.6875,0,1,0,0,0,0,1,687
1,17.0,1,0,108.9,1,0,0,1,0,1,0,308
0,17.0,0,0,8.6625,0,1,0,0,0,0,1,1161
0,24.0,0,0,8.6625,0,1,0,0,0,0,1,1195
0,28.0,0,0,7.75,0,1,0,0,1,0,0,261
0,44.0,0,0,8.05,0,1,0,0,0,0,1,604
0,57.0,1,1,164.8667,0,0,0,1,0,0,1,1109
0,31.0,0,0,13.0,1,0,1,0,0,0,1,674
0,13.0,0,2,20.25,0,1,0,0,0,0,1,1284
0,28.0,0,0,25.925,0,0,0,1,0,0,1,169
0,27.0,0,0,13.0,0,0,1,0,0,0,1,222
0,24.0,2,0,24.15,0,1,0,0,0,0,1,566
0,25.0,0,0,7.8958,0,1,0,0,0,0,1,1101
0,26.0,0,0,10.5,0,0,1,0,0,0,1,620
1,28.0,0,0,12.35,1,0,1,0,1,0,0,304
1,30.0,0,0,106.425,1,0,0,1,0,1,0,538
0,39.0,0,0,7.925,1,1,0,0,0,0,1,401
1,31.0,0,0,7.8542,0,1,0,0,0,0,1,397
0,45.5,0,0,28.5,0,0,0,1,0,0,1,332
0,56.0,0,0,35.5,1,0,0,1,0,1,0,648
0,28.0,0,0,27.7208,0,0,0,1,0,1,0,65
1,0.92,1,2,27.75,1,0,1,0,0,0,1,1142
0,66.0,0,0,10.5,0,0,1,0,0,0,1,34
0,26.0,0,0,7.775,0,1,0,0,0,0,1,163
1,36.0,1,0,17.4,1,1,0,0,0,0,1,560
1,23.0,0,0,8.05,1,1,0,0,0,0,1,1030
0,18.0,0,0,13.0,0,0,1,0,0,0,1,229
0,49.0,1,0,89.1042,1,0,0,1,0,1,0,454
0,38.0,0,0,7.05,0,1,0,0,0,0,1,466
1,17.0,0,0,7.7333,0,1,0,0,1,0,0,1207
0,28.0,0,0,42.4,0,0,0,1,0,0,1,603
1,2.0,0,1,12.2875,1,1,0,0,0,0,1,480
0,28.0,0,0,7.05,0,1,0,0,0,0,1,612
0,28.0,1,2,23.45,0,1,0,0,0,0,1,784
0,41.0,1,0,51.8625,0,0,0,1,0,0,1,1137
0,54.0,0,0,51.8625,0,0,0,1,0,0,1,7
1,33.0,1,0,90.0,1,0,0,1,1,0,0,413
0,28.0,0,0,7.7333,0,1,0,0,1,0,0,630
0,28.0,0,0,13.8625,1,0,1,0,0,1,0,548
0,29.0,0,0,13.8583,1,0,1,0,0,1,0,1261
0,38.0,0,0,0.0,0,0,0,1,0,0,1,823
0,28.0,0,0,26.0,1,0,0,1,0,0,1,1083
0,26.0,0,0,13.0,0,0,1,0,0,0,1,1029
0,40.0,0,0,27.7208,0,0,0,1,0,1,0,31
0,24.0,0,0,10.5,1,0,1,0,0,0,1,1099
0,30.0,0,0,9.5,1,1,0,0,0,0,1,287
0,3.0,1,1,26.0,1,0,1,0,0,0,1,194
0,61.0,0,0,6.2375,0,1,0,0,0,0,1,327
1,28.0,8,2,69.55,0,1,0,0,0,0,1,793
1,40.0,0,0,153.4625,1,0,0,1,0,0,1,610
0,33.0,0,0,9.5,0,1,0,0,0,0,1,753
0,20.0,0,0,7.8542,0,1,0,0,0,0,1,1127
0,18.0,0,0,11.5,0,0,1,0,0,0,1,145
0,22.0,0,0,7.7958,0,1,0,0,0,0,1,1018
1,18.5,0,0,7.2833,0,1,0,0,1,0,0,1005
0,42.0,0,0,13.0,0,0,1,0,0,0,1,150
0,31.0,0,0,7.7333,0,1,0,0,1,0,0,1291
0,70.0,1,1,71.0,0,0,0,1,0,0,1,746
0,32.0,0,0,7.75,0,1,0,0,1,0,0,891
0,30.0,0,0,7.8958,0,1,0,0,0,0,1,607
0,57.0,0,0,12.35,0,0,1,0,1,0,0,627
1,28.0,3,1,25.4667,0,1,0,0,0,0,1,410
1,35.0,0,0,7.75,0,1,0,0,1,0,0,1098
0,28.0,0,0,8.7125,0,1,0,0,0,1,0,585
1,18.0,0,0,7.775,0,1,0,0,0,0,1,808
1,28.0,0,0,13.0,1,0,1,0,0,0,1,444
0,22.0,0,0,135.6333,0,0,0,1,0,1,0,374
0,28.0,0,0,227.525,0,0,0,1,0,1,0,558
0,24.0,1,0,60.0,0,0,0,1,0,0,1,942
1,28.0,0,0,79.2,1,0,0,1,0,1,0,257
0,28.0,0,0,7.2292,0,1,0,0,0,1,0,532
0,31.0,3,0,18.0,0,1,0,0,0,0,1,1037
0,29.0,0,0,7.875,0,1,0,0,0,0,1,423
0,32.0,0,0,22.525,0,1,0,0,0,0,1,1102
0,23.0,0,0,10.5,0,0,1,0,0,0,1,1090
0,51.0,0,0,26.55,1,0,0,1,0,0,1,858
1,19.0,0,0,7.8792,1,1,0,0,1,0,0,45
0,33.0,0,0,7.8958,0,1,0,0,0,1,0,131
1,28.0,0,0,7.75,0,1,0,0,1,0,0,1174
0,45.0,1,0,83.475,0,0,0,1,0,0,1,63
1,28.0,3,1,25.4667,0,1,0,0,0,0,1,486
1,28.0,0,0,7.7875,1,1,0,0,1,0,0,83
1,13.0,0,1,19.5,1,0,1,0,0,0,1,447
0,28.0,0,0,7.75,1,1,0,0,1,0,0,1250
1,5.0,1,2,27.75,1,0,1,0,0,0,1,59
0,28.0,0,0,7.25,0,1,0,0,0,0,1,426
0,20.0,0,0,7.8542,0,1,0,0,0,0,1,92
1,63.0,1,0,77.9583,1,0,0,1,0,0,1,276
0,51.0,0,0,12.525,0,0,1,0,0,0,1,151
0,31.0,0,0,7.75,0,1,0,0,1,0,0,750
0,28.0,0,0,22.525,0,1,0,0,0,0,1,997
1,28.0,3,1,25.4667,0,1,0,0,0,0,1,230
1,28.0,0,0,7.7375,1,1,0,0,1,0,0,728
0,25.0,1,0,7.775,0,1,0,0,0,0,1,443
1,8.0,1,1,26.0,1,0,1,0,0,0,1,1095
0,47.0,0,0,9.0,0,1,0,0,0,0,1,874
1,18.0,2,0,18.0,0,1,0,0,0,0,1,39
0,16.0,2,0,18.0,0,1,0,0,0,0,1,334
0,28.0,0,0,35.0,0,0,0,1,0,0,1,352
0,42.0,0,0,7.55,0,1,0,0,0,0,1,846
0,30.0,1,0,24.0,0,0,1,0,0,1,0,309
0,20.0,0,0,7.925,1,1,0,0,0,0,1,1143
0,26.0,0,0,8.05,0,1,0,0,0,0,1,402
0,0.83,0,1,9.35,1,1,0,0,0,0,1,1199
0,26.0,0,0,7.8875,0,1,0,0,0,0,1,811
0,24.0,0,0,7.05,0,1,0,0,0,0,1,211
0,25.0,0,0,7.05,0,1,0,0,0,0,1,785
0,18.0,0,0,8.3,0,1,0,0,0,0,1,835
1,39.0,1,5,31.275,0,1,0,0,0,0,1,611
0,39.0,0,0,0.0,0,0,0,1,0,0,1,807
0,34.0,1,0,26.0,0,0,1,0,0,0,1,1082
0,57.0,0,0,13.0,0,0,1,0,0,0,1,1279
0,35.0,0,0,7.05,0,1,0,0,0,0,1,364
0,23.0,0,0,7.05,0,1,0,0,0,0,1,1217
0,23.0,0,0,7.8542,0,1,0,0,0,0,1,834
0,40.0,0,0,7.225,0,1,0,0,0,1,0,662
0,18.0,0,0,11.5,0,0,1,0,0,0,1,758
1,18.0,0,1,14.4542,0,1,0,0,0,1,0,703
1,45.0,0,1,14.4542,0,1,0,0,0,1,0,363
0,80.0,0,0,30.0,1,0,0,1,0,0,1,631
1,27.0,0,0,7.8792,0,1,0,0,1,0,0,978
0,22.0,0,0,8.05,0,1,0,0,0,0,1,113
0,32.0,1,0,26.0,1,0,1,0,0,0,1,544
0,36.0,0,0,75.2417,0,0,0,1,0,1,0,1010
0,34.0,0,0,13.0,1,0,1,0,0,0,1,22
0,26.0,0,0,30.0,1,0,0,1,0,1,0,890
0,28.0,0,0,7.2292,0,1,0,0,0,1,0,1231
1,42.0,0,0,227.525,1,0,0,1,0,1,0,381
0,32.0,0,0,56.4958,1,1,0,0,0,0,1,75
1,29.0,0,0,221.7792,1,0,0,1,0,0,1,1048
0,25.0,0,0,26.0,0,0,0,1,0,1,0,986
0,18.0,0,0,7.75,0,1,0,0,0,0,1,954
0,40.0,0,0,31.0,1,0,0,1,0,1,0,210
0,28.0,0,0,7.225,0,1,0,0,0,1,0,599
1,28.0,0,2,7.75,0,1,0,0,1,0,0,594
0,40.0,1,1,15.5,0,1,0,0,1,0,0,189
1,32.0,1,1,15.5,0,1,0,0,1,0,0,658
1,22.0,0,0,7.725,1,1,0,0,1,0,0,955
0,21.0,0,0,7.8208,1,1,0,0,1,0,0,998
0,19.0,0,0,6.75,0,1,0,0,1,0,0,144
1,36.0,0,0,13.0,1,0,1,0,0,0,1,388
1,42.0,0,0,13.0,1,0,1,0,0,0,1,866
1,21.0,0,0,8.6625,0,1,0,0,0,0,1,929
1,30.0,0,0,8.6625,0,1,0,0,0,0,1,535
0,18.0,0,0,8.6625,0,1,0,0,0,0,1,1202
0,38.0,0,0,8.6625,0,1,0,0,0,0,1,472
0,28.0,0,0,31.0,0,0,0,1,0,0,1,271
0,17.0,0,0,8.6625,0,1,0,0,0,0,1,164
0,17.0,0,0,8.6625,0,1,0,0,0,0,1,501
0,28.0,0,0,0.0,0,0,1,0,0,0,1,467
1,21.0,0,0,7.75,0,1,0,0,1,0,0,502
0,21.0,0,0,7.75,0,1,0,0,1,0,0,1280
0,28.0,1,0,14.4583,0,1,0,0,0,1,0,1258
1,28.0,1,0,14.4583,0,1,0,0,0,1,0,579
0,19.0,0,0,13.0,0,0,1,0,0,0,1,192
0,17.0,0,0,47.1,0,0,0,1,0,0,1,1295
0,49.0,0,0,26.0,0,0,0,1,0,0,1,974
0,24.0,0,0,8.05,0,1,0,0,0,0,1,90
0,21.0,0,0,7.7333,0,1,0,0,1,0,0,422
1,30.0,0,0,86.5,1,0,0,1,0,0,1,258
0,32.0,0,0,56.4958,1,1,0,0,0,0,1,839
0,29.0,0,0,8.05,0,1,0,0,0,0,1,91
1,45.0,0,2,30.0,1,0,1,0,0,0,1,1133
0,26.0,1,0,14.4542,0,1,0,0,0,1,0,74
0,18.0,0,0,8.05,1,1,0,0,0,0,1,205
0,24.0,0,0,7.25,0,1,0,0,1,0,0,1288
1,8.0,0,2,26.25,1,0,1,0,0,0,1,238
0,31.0,1,1,26.25,0,0,1,0,0,0,1,638
1,30.0,0,0,7.6292,0,1,0,0,1,0,0,898
1,22.0,0,0,7.75,1,1,0,0,1,0,0,290
0,70.5,0,0,7.75,0,1,0,0,1,0,0,117
0,43.0,0,0,8.05,0,1,0,0,0,0,1,669
1,22.0,0,0,10.5,1,0,1,0,0,0,1,1114
0,35.0,0,0,7.8958,0,1,0,0,0,0,1,948
0,27.0,0,0,7.8958,0,1,0,0,0,0,1,1226
0,19.0,0,0,7.8958,0,1,0,0,0,0,1,647
0,21.0,0,0,11.5,0,0,1,0,0,0,1,1269
0,9.0,1,1,15.9,1,1,0,0,0,0,1,490
0,3.0,1,1,15.9,1,1,0,0,0,0,1,349
0,59.0,0,0,7.25,0,1,0,0,0,0,1,95
0,17.0,0,0,8.6625,0,1,0,0,0,0,1,845
0,19.0,0,0,10.1708,0,1,0,0,0,0,1,688
1,33.0,0,0,151.55,1,0,0,1,0,0,1,1033
0,31.0,1,0,52.0,0,0,0,1,0,0,1,672
0,22.0,0,0,8.05,0,1,0,0,0,0,1,1039
0,21.0,2,0,24.15,0,1,0,0,0,0,1,901
0,17.0,2,0,8.05,0,1,0,0,0,0,1,1079
0,32.0,0,0,13.0,0,0,1,0,0,0,1,1228
0,22.0,0,0,7.25,0,1,0,0,0,0,1,321
0,36.0,0,0,7.25,0,1,0,0,0,0,1,1177
0,18.0,0,0,73.5,0,0,1,0,0,0,1,1244
0,17.0,0,0,7.8958,0,1,0,0,0,0,1,952
0,42.0,0,0,8.6625,0,1,0,0,0,0,1,350
0,53.0,1,1,81.8583,1,0,0,1,0,0,1,1185
1,18.0,0,1,23.0,1,0,1,0,0,0,1,652
1,24.0,0,0,7.75,0,1,0,0,1,0,0,971
0,42.0,1,1,32.5,0,0,1,0,0,0,1,1139
0,49.0,1,0,56.9292,1,0,0,1,0,1,0,600
0,24.0,0,0,7.55,1,1,0,0,0,0,1,1047
0,16.0,0,0,7.775,0,1,0,0,0,0,1,765
0,45.0,0,0,6.975,0,1,0,0,0,0,1,130
0,39.0,0,2,7.2292,0,1,0,0,0,1,0,1229
0,17.0,1,1,7.2292,0,1,0,0,0,1,0,533
0,21.0,0,0,13.0,0,0,1,0,0,0,1,1221
0,40.5,0,0,7.75,0,1,0,0,1,0,0,526
0,28.0,0,0,221.7792,0,0,0,1,0,0,1,528
0,40.0,1,0,26.0,0,0,1,0,0,0,1,1169
0,28.0,0,0,7.05,1,1,0,0,0,0,1,1103
1,28.0,0,0,31.6833,1,0,0,1,0,0,1,914
0,28.0,0,0,7.75,0,1,0,0,1,0,0,429
0,28.0,0,0,6.95,0,1,0,0,1,0,0,826
0,36.0,0,0,26.3875,1,0,0,1,0,0,1,573
0,26.0,0,0,7.8792,0,1,0,0,1,0,0,1273
0,28.0,0,0,7.75,0,1,0,0,1,0,0,994
0,28.0,0,0,56.4958,1,1,0,0,0,0,1,644
1,9.0,2,2,34.375,0,1,0,0,0,0,1,148
0,28.0,0,0,8.05,0,1,0,0,0,0,1,1181
0,16.0,1,3,34.375,0,1,0,0,0,0,1,87
1,48.0,1,3,34.375,0,1,0,0,0,0,1,737
0,64.0,1,4,263.0,0,0,0,1,0,0,1,439
0,28.0,0,0,7.75,0,1,0,0,1,0,0,1163
0,28.0,0,0,26.55,0,0,0,1,0,0,1,933
1,48.0,1,1,79.2,1,0,0,1,0,1,0,1289
0,28.0,0,0,0.0,0,0,1,0,0,0,1,482
0,28.0,0,0,0.0,0,0,0,1,0,0,1,816
0,35.0,0,0,26.0,0,0,1,0,0,0,1,21
0,38.0,1,0,21.0,0,0,1,0,0,0,1,1293
0,34.0,1,0,21.0,0,0,1,0,0,0,1,406
0,25.0,0,0,7.7417,0,1,0,0,1,0,0,704
0,28.0,0,0,14.5,0,1,0,0,0,0,1,761
1,34.0,0,0,13.0,1,0,1,0,0,0,1,577
0,16.0,0,0,26.0,0,0,1,0,0,0,1,792
0,47.0,0,0,38.5,0,0,0,1,0,0,1,463
0,47.0,0,0,10.5,0,0,1,0,0,0,1,1285
0,21.0,1,0,11.5,0,0,1,0,0,0,1,1262
0,24.0,0,0,13.5,0,0,1,0,0,0,1,1240
0,22.0,0,0,8.05,0,1,0,0,0,0,1,589
0,9.0,0,2,20.525,1,1,0,0,0,0,1,166
0,41.0,0,0,7.85,0,1,0,0,0,0,1,934
1,10.0,5,2,46.9,0,1,0,0,0,0,1,1032
0,51.0,0,0,8.05,0,1,0,0,0,0,1,223
0,52.0,0,0,13.0,0,0,1,0,0,0,1,715
1,24.0,0,0,8.85,0,1,0,0,0,0,1,294
0,30.0,0,0,13.0,0,0,1,0,0,0,1,179
0,20.0,0,0,9.5,0,1,0,0,0,0,1,442
0,44.0,0,0,13.0,0,0,1,0,0,0,1,1265
1,6.0,0,1,33.0,1,0,1,0,0,0,1,721
0,62.0,0,0,10.5,1,0,1,0,0,0,1,571
0,30.0,0,0,10.5,0,0,1,0,0,0,1,220
0,40.0,0,0,0.0,0,0,0,1,0,0,1,264
1,7.0,0,2,26.25,1,0,1,0,0,0,1,536
0,43.0,1,1,26.25,0,0,1,0,0,0,1,315
0,28.0,0,0,6.8583,0,1,0,0,1,0,0,412
0,27.0,0,0,76.7292,1,0,0,1,0,1,0,682
0,42.0,0,0,42.5,0,0,0,1,0,0,1,1107
0,28.0,0,0,56.4958,1,1,0,0,0,0,1,931
1,18.0,0,0,6.75,0,1,0,0,1,0,0,655
1,26.0,0,0,7.925,1,1,0,0,0,0,1,3
0,28.0,0,0,7.8958,0,1,0,0,0,0,1,314
1,24.0,1,2,65.0,1,0,1,0,0,0,1,616
1,24.0,1,2,65.0,1,0,1,0,0,0,1,1277
0,49.0,1,2,65.0,0,0,1,0,0,0,1,1245
0,32.0,2,0,73.5,0,0,1,0,0,0,1,666
1,20.0,2,1,23.0,1,0,1,0,0,0,1,944
0,44.0,1,0,26.0,0,0,1,0,0,0,1,237
0,35.0,0,0,26.55,1,0,0,1,0,1,0,605
1,27.0,0,0,7.925,1,1,0,0,0,0,1,217
0,21.0,0,0,73.5,0,0,1,0,0,0,1,73
0,28.0,0,0,7.75,0,1,0,0,1,0,0,614
0,42.0,0,0,13.0,1,0,1,0,0,0,1,289
0,63.0,1,0,26.0,0,0,1,0,0,0,1,905
0,33.0,0,0,12.275,0,0,1,0,0,0,1,240
0,28.0,0,0,7.8875,1,1,0,0,0,0,1,1135
1,38.0,0,0,80.0,1,0,0,1,0,0,1,62
1,17.0,0,0,10.5,1,0,1,0,0,0,1,85
1,24.0,2,1,27.0,1,0,1,0,0,0,1,601
0,29.0,0,0,7.8958,1,1,0,0,0,1,0,456
0,21.0,0,0,7.7958,1,1,0,0,0,0,1,392
0,47.0,0,0,15.0,0,0,1,0,0,0,1,587
0,20.0,0,0,7.8542,0,1,0,0,0,0,1,641
1,28.0,0,0,7.75,1,1,0,0,1,0,0,369
0,26.0,0,0,7.775,1,1,0,0,0,0,1,995
0,22.0,0,0,7.7958,0,1,0,0,0,0,1,396
0,29.0,0,0,7.8542,0,1,0,0,0,0,1,1191
0,19.0,0,0,0.0,0,1,0,0,0,0,1,303
0,32.0,0,0,7.925,1,1,0,0,0,0,1,580
0,34.0,1,0,26.0,0,0,1,0,0,0,1,100
1,4.0,0,1,13.4167,1,1,0,0,0,1,0,692
0,39.0,0,1,13.4167,1,1,0,0,0,1,0,932
0,28.0,0,0,7.75,0,1,0,0,1,0,0,791
0,35.0,0,0,12.35,0,0,1,0,1,0,0,908
0,28.0,0,0,7.25,0,1,0,0,0,0,1,471
0,32.5,0,0,211.5,0,0,0,1,0,1,0,967
1,28.0,0,0,7.75,1,1,0,0,1,0,0,301
1,28.0,0,0,7.75,1,1,0,0,1,0,0,574
0,34.5,0,0,7.8292,0,1,0,0,1,0,0,892
0,44.0,0,0,8.05,0,1,0,0,0,0,1,697
0,28.0,0,0,7.75,1,1,0,0,1,0,0,1016
0,28.0,1,0,14.4542,0,1,0,0,0,1,0,977
0,28.0,1,0,7.75,0,1,0,0,1,0,0,1013
0,28.0,1,0,7.75,0,1,0,0,1,0,0,215
0,28.0,0,0,7.7375,0,1,0,0,1,0,0,779
1,22.0,2,0,8.6625,0,1,0,0,0,0,1,1268
0,26.0,2,0,8.6625,0,1,0,0,0,0,1,70
0,28.0,0,0,26.55,0,0,0,1,0,0,1,712
0,18.0,1,1,7.8542,0,1,0,0,0,0,1,176
1,36.0,0,2,12.1833,0,1,0,0,0,0,1,1045
0,28.0,0,0,0.0,0,0,1,0,0,0,1,733
0,28.0,0,0,7.8958,0,1,0,0,0,1,0,43
0,25.0,0,0,7.2292,1,1,0,0,0,1,0,1213
1,39.0,0,0,211.3375,1,0,0,1,0,0,1,1216
0,28.0,0,0,56.4958,1,1,0,0,0,0,1,693
0,28.0,0,0,56.4958,0,1,0,0,0,0,1,827
0,28.0,0,0,7.75,0,1,0,0,1,0,0,1075
0,26.0,0,0,56.4958,1,1,0,0,0,0,1,510
1,1.0,1,2,41.5792,1,0,1,0,0,1,0,1188
1,22.0,1,2,41.5792,1,0,1,0,0,1,0,609
0,22.0,0,0,7.775,0,1,0,0,0,0,1,1290
1,17.0,0,0,12.0,1,0,1,0,0,1,0,390
1,34.0,0,0,10.5,1,0,1,0,0,0,1,517
0,28.0,1,0,15.5,0,1,0,0,1,0,0,47
0,39.0,0,0,24.15,0,1,0,0,0,0,1,812
0,36.0,0,0,12.875,0,0,1,0,0,1,0,293
0,28.0,0,0,27.7208,0,0,0,1,0,1,0,296
0,24.0,0,0,9.5,0,1,0,0,0,0,1,771
0,28.0,0,0,7.8792,0,1,0,0,1,0,0,1125
0,28.0,0,0,56.4958,0,1,0,0,0,0,1,170
0,61.0,0,0,12.35,0,0,1,0,1,0,0,1085
0,28.0,0,0,7.8792,0,1,0,0,0,0,1,1249
0,29.0,0,0,30.0,0,0,0,1,0,0,1,783
0,20.5,0,0,7.25,0,1,0,0,0,0,1,228
0,27.0,0,0,8.6625,1,1,0,0,0,0,1,822
1,58.0,0,0,146.5208,1,0,0,1,0,1,0,196
0,28.0,0,0,7.8958,0,1,0,0,0,0,1,1157
1,57.0,0,0,10.5,0,0,1,0,0,0,1,773
1,28.0,0,0,7.75,1,1,0,0,1,0,0,199
0,28.0,0,0,15.0458,0,0,1,0,0,1,0,1193
0,1.0,0,2,37.0042,1,0,1,0,0,1,0,828
1,30.5,0,0,7.75,0,1,0,0,1,0,0,768
0,28.0,0,0,29.7,1,0,0,1,0,1,0,840
0,35.0,0,0,7.8958,0,1,0,0,0,1,0,848
0,33.0,0,0,7.8958,0,1,0,0,0,0,1,882
0,28.0,0,0,7.8958,0,1,0,0,0,1,0,1043
1,28.0,0,0,7.75,1,1,0,0,1,0,0,1196
1,28.0,2,0,23.25,1,1,0,0,1,0,0,331
0,28.0,2,0,23.25,1,1,0,0,1,0,0,302
0,28.0,0,0,15.5,0,1,0,0,1,0,0,719
1,28.0,0,0,7.8792,1,1,0,0,1,0,0,359
0,28.0,0,0,7.75,0,1,0,0,1,0,0,127
0,24.0,1,0,16.1,0,1,0,0,0,0,1,744
1,28.0,0,0,7.75,0,1,0,0,1,0,0,1119
1,41.0,0,1,19.5,1,0,1,0,0,0,1,273
0,28.0,0,0,7.75,0,1,0,0,1,0,0,197
0,39.0,0,0,13.0,0,0,1,0,0,0,1,809
0,28.0,0,0,8.05,0,1,0,0,0,0,1,968
0,24.0,0,0,7.8958,0,1,0,0,0,0,1,295
0,21.0,0,0,7.8958,0,1,0,0,0,0,1,963
0,28.0,0,0,7.8958,0,1,0,0,0,0,1,651
0,6.0,0,1,12.475,1,1,0,0,0,0,1,752
1,27.0,0,1,12.475,1,1,0,0,0,0,1,824
0,28.0,1,0,24.15,0,1,0,0,1,0,0,769
0,54.0,0,0,14.0,0,0,1,0,0,0,1,318
0,34.0,0,0,8.05,0,1,0,0,0,0,1,462
0,28.0,0,0,7.775,1,1,0,0,0,0,1,108
1,28.0,0,0,7.2292,1,1,0,0,0,1,0,368
0,28.0,0,0,8.05,0,1,0,0,0,0,1,590
1,28.0,1,0,15.5,1,1,0,0,1,0,0,613
1,28.0,0,0,15.5,1,1,0,0,1,0,0,1092
0,22.0,0,0,7.8958,0,1,0,0,0,0,1,288
0,28.0,0,0,7.8958,0,1,0,0,0,0,1,740
0,28.0,0,0,7.2292,0,1,0,0,0,1,0,1184
0,37.0,0,1,29.7,0,0,0,1,0,1,0,274
1,28.0,0,0,7.75,0,1,0,0,1,0,0,1302
0,26.0,0,0,13.0,0,0,1,0,0,0,1,1214
1,23.0,1,0,113.275,1,0,0,1,0,1,0,394
0,28.0,0,0,8.05,0,1,0,0,0,0,1,1149
1,29.0,0,0,10.5,1,0,1,0,0,0,1,67
0,28.0,1,0,15.5,0,1,0,0,1,0,0,365
0,28.0,0,0,7.75,0,1,0,0,1,0,0,460
0,28.0,0,0,7.75,0,1,0,0,1,0,0,1272
1,28.0,0,0,7.75,1,1,0,0,1,0,0,48
1,28.0,0,0,7.8792,1,1,0,0,1,0,0,29
1,28.0,0,0,7.8292,1,1,0,0,1,0,0,654
0,23.0,0,0,9.225,0,1,0,0,0,0,1,351
1,22.0,0,0,7.775,1,1,0,0,0,0,1,555
0,28.0,0,0,7.3125,0,1,0,0,0,0,1,155
1,23.0,0,0,8.6625,0,1,0,0,0,0,1,1172
0,20.0,0,0,8.6625,0,1,0,0,0,0,1,726
0,16.0,0,0,9.2167,0,1,0,0,0,0,1,139
1,31.0,0,0,8.6833,1,1,0,0,0,0,1,798
1,22.0,0,1,61.9792,1,0,0,1,0,1,0,918
0,39.0,0,0,13.0,0,0,1,0,0,0,1,796
0,23.0,0,0,10.5,0,0,1,0,0,0,1,399
0,1.0,4,1,39.6875,0,1,0,0,0,0,1,165
0,28.0,0,0,0.0,0,0,1,0,0,0,1,278
1,50.0,0,1,26.0,1,0,1,0,0,0,1,260
0,21.0,0,0,8.6625,0,1,0,0,0,0,1,837
0,19.0,0,0,14.5,0,1,0,0,0,0,1,576
0,32.0,0,0,7.8958,0,1,0,0,0,0,1,520
0,28.0,0,0,7.0,0,1,0,0,0,0,1,1055
0,29.0,1,0,66.6,0,0,0,1,0,0,1,337
0,28.0,0,0,7.775,0,1,0,0,0,0,1,983
0,28.0,0,0,8.05,0,1,0,0,0,0,1,455
0,21.0,0,0,7.925,0,1,0,0,0,0,1,116
0,18.0,1,0,108.9,0,0,0,1,0,1,0,506
0,22.0,0,0,7.25,0,1,0,0,0,0,1,213
0,28.0,0,0,15.05,0,0,1,0,0,1,0,182
1,30.0,0,0,93.5,1,0,0,1,0,0,1,521
0,24.0,0,0,8.05,0,1,0,0,0,0,1,1021
1,32.0,0,0,13.0,1,0,1,0,0,0,1,191
0,28.0,0,0,7.8958,0,1,0,0,0,0,1,385
0,34.0,0,0,13.0,0,0,1,0,0,0,1,801
0,27.0,0,0,15.0333,0,0,1,0,0,1,0,943
0,28.0,0,0,7.8958,0,1,0,0,0,0,1,657
0,28.0,0,0,7.25,0,1,0,0,0,0,1,251
0,36.0,0,0,10.5,0,0,1,0,0,0,1,266
0,38.0,0,0,7.8958,0,1,0,0,0,0,1,109
0,21.0,0,0,8.05,0,1,0,0,0,0,1,1113
0,10.0,4,1,29.125,0,1,0,0,1,0,0,947
0,4.0,4,1,29.125,0,1,0,0,1,0,0,172
0,7.0,4,1,29.125,0,1,0,0,1,0,0,279
0,8.0,4,1,29.125,0,1,0,0,1,0,0,788
0,0.83,1,1,18.75,1,0,1,0,0,0,1,832
1,50.0,0,0,10.5,1,0,1,0,0,0,1,527
0,35.0,0,0,7.125,0,1,0,0,0,0,1,591
1,28.0,0,0,7.7208,1,1,0,0,1,0,0,1300
0,50.0,1,0,14.5,0,1,0,0,0,0,1,917
0,31.0,0,0,50.4958,0,0,0,1,0,0,1,868
0,28.0,0,0,50.0,0,0,0,1,0,0,1,186
1,41.0,0,2,20.2125,0,1,0,0,0,0,1,255
0,36.0,0,0,40.125,0,0,0,1,0,1,0,584
1,28.0,0,0,8.05,1,1,0,0,0,0,1,928
1,33.0,0,0,86.5,1,0,0,1,0,0,1,760
0,55.0,1,0,59.4,0,0,0,1,0,1,0,912
0,33.0,0,0,26.55,0,0,0,1,0,0,1,1215
1,21.0,0,0,10.5,1,0,1,0,0,0,1,57
0,28.0,0,0,7.75,1,1,0,0,1,0,0,999
0,28.0,0,0,24.15,0,1,0,0,1,0,0,518
1,21.0,2,2,262.375,1,0,0,1,0,1,0,743
0,28.0,0,0,30.5,1,0,0,1,0,0,1,299
0,28.0,0,0,7.7292,0,1,0,0,1,0,0,389
0,28.0,8,2,69.55,0,1,0,0,0,0,1,202
0,28.0,8,2,69.55,0,1,0,0,0,0,1,325
0,28.0,1,9,69.55,0,1,0,0,0,0,1,1234
1,24.0,0,0,69.3,1,0,0,1,0,1,0,642
0,28.0,2,0,21.6792,0,1,0,0,0,1,0,921
0,28.0,2,0,21.6792,0,1,0,0,0,1,0,1189
0,28.0,2,0,21.6792,0,1,0,0,0,1,0,49
0,25.0,0,0,9.5,1,1,0,0,0,0,1,930
0,28.0,0,0,7.725,0,1,0,0,1,0,0,469
0,28.0,0,0,7.8958,0,1,0,0,0,0,1,411
0,27.0,0,0,26.0,0,0,1,0,0,0,1,552
1,25.0,0,1,26.0,1,0,1,0,0,0,1,881
1,28.0,0,0,7.7792,1,1,0,0,1,0,0,1003
0,28.0,0,0,8.05,0,1,0,0,0,0,1,564
1,20.0,0,0,36.75,1,0,1,0,0,0,1,1068
1,30.0,0,0,13.0,1,0,1,0,0,0,1,748
0,40.0,0,0,7.8958,0,1,0,0,0,0,1,562
0,4.0,3,2,27.9,0,1,0,0,0,0,1,64
1,9.0,3,2,27.9,0,1,0,0,0,0,1,635
0,28.0,0,0,7.8958,0,1,0,0,0,0,1,602
0,28.0,0,0,8.6625,0,1,0,0,0,0,1,159
1,40.0,0,0,13.0,1,0,1,0,0,0,1,347
1,28.0,0,0,7.7333,1,1,0,0,1,0,0,1052
0,28.0,0,0,8.05,0,1,0,0,0,0,1,1305
0,28.0,0,0,7.8958,0,1,0,0,0,0,1,77
0,33.0,0,0,8.6625,0,1,0,0,0,1,0,286
0,60.5,0,0,14.4542,0,1,0,0,0,0,1,1044
0,19.0,0,0,7.8958,0,1,0,0,0,0,1,567
0,67.0,1,0,221.7792,0,0,0,1,0,0,1,973
0,27.0,0,0,8.6625,0,1,0,0,0,0,1,1255
0,25.0,0,0,7.05,0,1,0,0,0,0,1,885
0,61.0,0,0,32.3208,0,0,0,1,0,0,1,626
0,74.0,0,0,7.775,0,1,0,0,0,0,1,852
0,24.0,0,0,7.7958,0,1,0,0,0,0,1,500
0,18.5,0,0,13.0,0,0,1,0,0,0,1,1001
1,18.0,0,2,79.65,1,0,0,1,0,0,1,586
0,52.0,1,1,79.65,0,0,0,1,0,0,1,263
0,17.0,0,2,110.8833,1,0,0,1,0,1,0,551
0,32.0,0,0,7.925,0,1,0,0,0,0,1,383
0,28.0,0,0,7.75,0,1,0,0,1,0,0,777
0,28.0,0,0,7.8958,0,1,0,0,0,0,1,30
1,50.0,0,0,10.5,1,0,1,0,0,0,1,459
0,28.0,0,0,7.2292,0,1,0,0,0,1,0,1065
1,27.0,0,0,10.5,1,0,1,0,0,0,1,718
0,36.0,0,0,7.8958,0,1,0,0,0,0,1,190
1,63.0,0,0,9.5875,1,1,0,0,0,0,1,484
0,29.0,1,0,21.0,0,0,1,0,0,0,1,118
0,28.0,0,0,9.5,0,1,0,0,0,0,1,869
0,28.0,0,0,9.5,0,1,0,0,0,0,1,201
0,28.0,0,0,9.5,0,1,0,0,0,0,1,356
0,22.0,0,0,7.225,1,1,0,0,0,1,0,1203
0,40.0,0,0,13.0,0,0,1,0,0,0,1,1081
0,22.0,0,0,7.8958,0,1,0,0,0,0,1,522
0,22.0,0,0,9.0,0,1,0,0,0,0,1,81
0,28.0,0,0,8.05,0,1,0,0,0,0,1,1308
0,30.0,1,0,21.0,0,0,1,0,0,0,1,1170
1,32.5,0,0,13.0,1,0,1,0,0,0,1,124
0,28.0,0,0,8.05,0,1,0,0,0,0,1,512
0,27.0,1,0,26.0,0,0,1,0,0,0,1,993
1,29.0,1,0,26.0,1,0,1,0,0,0,1,134
1,4.0,1,1,23.0,1,0,1,0,0,0,1,751
0,32.5,0,0,9.5,0,1,0,0,0,0,1,1146
0,36.0,1,2,27.75,0,0,1,0,0,0,1,451
0,51.0,0,0,7.75,0,1,0,0,0,0,1,407
0,28.0,0,0,7.55,0,1,0,0,0,0,1,649
0,28.0,0,0,8.05,0,1,0,0,0,0,1,305
0,28.5,0,0,16.1,0,1,0,0,0,0,1,736
0,21.0,0,1,61.3792,1,0,0,1,0,1,0,915
0,21.0,0,0,7.25,0,1,0,0,0,0,1,492
0,27.0,0,0,8.6625,0,1,0,0,0,0,1,895
0,28.0,0,0,35.5,1,0,0,1,0,0,1,56
1,26.0,0,0,13.5,1,0,1,0,0,0,1,1054
0,62.0,0,0,26.55,0,0,0,1,0,0,1,556
1,14.5,1,0,14.4542,0,1,0,0,0,1,0,112
1,28.0,1,0,14.4542,0,1,0,0,0,1,0,241
0,16.0,1,1,20.25,0,1,0,0,0,0,1,747
0,20.0,0,0,7.925,0,1,0,0,0,0,1,841
0,35.0,0,0,8.05,0,1,0,0,0,0,1,5
1,2.0,1,2,151.55,0,0,0,1,0,0,1,298
0,39.0,1,5,31.275,0,1,0,0,0,0,1,14
0,26.0,0,0,7.775,0,1,0,0,0,0,1,1212
0,25.0,0,0,10.5,0,0,1,0,0,0,1,1096
0,25.0,1,0,17.8,0,1,0,0,0,0,1,354
0,71.0,0,0,49.5042,0,0,0,1,0,1,0,494
0,5.0,4,2,31.3875,0,1,0,0,0,0,1,1271
0,13.0,4,2,31.3875,0,1,0,0,0,0,1,1046
0,23.0,0,0,7.7958,1,1,0,0,0,0,1,1118
0,32.0,1,0,15.85,0,1,0,0,0,0,1,207
1,18.0,0,0,8.05,1,1,0,0,0,0,1,979
0,24.0,0,1,247.5208,0,0,0,1,0,1,0,119
0,28.0,0,0,26.0,0,0,1,0,0,0,1,1035
0,19.0,0,0,8.05,0,1,0,0,0,0,1,373
0,1.0,2,1,39.0,1,0,1,0,0,0,1,184
1,4.0,2,1,39.0,1,0,1,0,0,0,1,619
1,12.0,2,1,39.0,1,0,1,0,0,0,1,1218
0,22.0,0,0,9.35,0,1,0,0,0,0,1,226
0,23.0,0,0,13.0,0,0,1,0,0,0,1,734
0,25.0,1,0,91.0792,1,0,0,1,0,1,0,485
0,45.0,0,0,35.5,0,0,0,1,0,0,1,340
1,30.0,0,0,164.8667,1,0,0,1,0,0,1,1292
1,58.0,0,0,26.55,1,0,0,1,0,0,1,12
0,42.0,0,0,26.55,0,0,0,1,0,0,1,1050
0,26.0,0,0,13.0,0,0,1,0,0,0,1,1238
1,45.0,0,0,262.375,1,0,0,1,0,1,0,1267
0,21.0,0,0,16.1,0,1,0,0,0,0,1,625
1,22.0,0,1,55.0,1,0,0,1,0,0,1,357
0,41.0,0,0,30.5,0,0,0,1,0,0,1,920
1,20.0,0,0,7.8542,0,1,0,0,0,0,1,990
0,29.0,1,0,7.0458,0,1,0,0,0,0,1,478
0,22.0,1,0,7.25,0,1,0,0,0,0,1,1
0,28.0,0,0,39.6,0,0,0,1,0,1,0,767
1,15.0,0,2,39.0,1,0,1,0,0,0,1,1067
1,18.0,0,0,7.8792,0,1,0,0,1,0,0,958
0,25.0,0,0,13.0,0,0,1,0,0,0,1,667
0,26.0,1,1,29.0,1,0,1,0,0,0,1,899
1,35.0,0,0,21.0,1,0,1,0,0,0,1,212
0,28.0,0,0,7.7958,0,1,0,0,0,0,1,757
0,24.0,0,0,7.8542,0,1,0,0,0,0,1,1027
0,33.0,0,0,5.0,0,0,0,1,0,0,1,873
1,14.0,1,2,120.0,1,0,0,1,0,0,1,436
0,36.0,1,2,120.0,1,0,0,1,0,0,1,391
0,28.0,0,0,7.25,0,1,0,0,0,0,1,1015
0,46.0,1,0,61.175,0,0,0,1,0,0,1,93
0,52.0,0,0,13.5,0,0,1,0,0,0,1,696
0,37.0,1,0,26.0,0,0,1,0,0,0,1,595
1,36.0,0,0,262.375,1,0,0,1,0,1,0,951
1,28.0,0,1,55.0,1,0,0,1,0,0,1,167
0,27.0,1,0,136.7792,0,0,0,1,0,1,0,1144
0,28.0,0,0,52.0,0,0,0,1,0,0,1,476
0,28.0,0,0,13.0,0,0,1,0,0,0,1,343
0,47.0,0,0,25.5875,0,0,0,1,0,0,1,663
1,39.0,1,1,83.1583,1,0,0,1,0,1,0,836
0,28.0,0,0,26.55,0,0,0,1,0,0,1,1040
0,19.0,0,0,8.1583,0,1,0,0,0,0,1,68
0,44.0,0,1,16.1,0,1,0,0,0,0,1,161
0,39.0,1,0,71.2833,0,0,0,1,0,1,0,1126
1,22.0,0,0,10.5167,0,1,0,0,0,0,1,883
0,29.0,0,0,7.75,1,1,0,0,1,0,0,511
0,34.0,1,1,14.4,0,1,0,0,0,0,1,617
0,27.0,0,0,30.5,1,0,0,1,0,0,1,608
0,18.0,0,0,73.5,0,0,1,0,0,0,1,386
0,28.0,1,0,16.1,0,1,0,0,0,0,1,950
0,16.0,0,0,9.5,0,1,0,0,0,0,1,283
0,17.0,0,0,73.5,0,0,1,0,0,0,1,1104
0,1.0,1,2,20.575,1,1,0,0,0,0,1,789
0,26.0,1,2,20.575,0,1,0,0,0,0,1,94
0,29.0,1,0,27.7208,0,0,1,0,0,1,0,362
0,31.0,1,0,57.0,1,0,0,1,0,0,1,691
0,4.0,0,2,81.8583,1,0,0,1,0,0,1,446
0,19.0,0,0,8.05,1,1,0,0,0,0,1,284
0,50.0,1,0,106.425,0,0,0,1,0,1,0,545
1,30.0,0,0,12.475,1,1,0,0,0,0,1,80
0,39.0,0,0,29.7,0,0,0,1,0,1,0,1223
0,23.0,1,0,13.9,0,1,0,0,0,0,1,1064
0,23.0,0,0,13.0,0,0,1,0,0,0,1,659
0,47.0,0,0,7.25,0,1,0,0,0,0,1,593
1,36.0,0,0,31.6792,0,0,0,1,0,1,0,1004
0,40.5,0,0,15.1,0,1,0,0,0,0,1,1120
1,28.0,0,0,110.8833,1,0,0,1,0,1,0,307
0,18.0,2,2,34.375,0,1,0,0,0,0,1,1059
1,28.0,3,2,263.0,1,0,0,1,0,0,1,945
1,23.0,3,2,263.0,1,0,0,1,0,0,1,89
0,43.0,1,0,27.7208,1,0,0,1,0,1,0,1296
1,38.0,0,0,13.0,0,0,1,0,0,0,1,358
0,37.0,1,0,53.1,0,0,0,1,0,0,1,138
0,21.0,1,0,11.5,0,0,1,0,0,0,1,862
0,34.0,0,0,13.0,0,0,1,0,0,0,1,723
0,30.0,0,0,13.0,0,0,1,0,0,0,1,214
1,28.0,0,0,7.75,1,1,0,0,1,0,0,33
0,71.0,0,0,34.6542,0,0,0,1,0,1,0,97
0,33.0,1,1,20.525,0,1,0,0,0,0,1,549
0,14.0,5,2,46.9,0,1,0,0,0,0,1,684
1,19.0,0,0,30.0,1,0,0,1,0,0,1,888
0,38.0,0,1,153.4625,0,0,0,1,0,0,1,333
0,46.0,0,0,79.2,0,0,0,1,0,1,0,790
0,28.0,2,0,7.925,0,1,0,0,0,0,1,393
0,19.0,0,0,7.775,0,1,0,0,0,0,1,380
0,41.0,2,0,14.1083,0,1,0,0,0,0,1,861
0,21.0,0,0,7.8542,0,1,0,0,0,0,1,624
0,25.0,1,0,55.4417,1,0,0,1,0,1,0,371
1,28.0,0,0,7.55,0,1,0,0,0,0,1,236
0,48.0,1,0,76.7292,1,0,0,1,0,1,0,646
0,28.0,0,0,30.0,1,0,0,1,0,0,1,741
0,55.0,1,1,93.5,0,0,0,1,0,0,1,1200
0,27.0,0,0,6.975,1,1,0,0,0,0,1,805
1,23.0,0,0,7.925,0,1,0,0,0,0,1,817
1,22.0,0,0,8.9625,1,1,0,0,0,0,1,1061
0,24.0,2,0,73.5,0,0,1,0,0,0,1,656
0,21.0,2,0,73.5,0,0,1,0,0,0,1,121
0,28.0,0,0,51.8625,0,0,0,1,0,0,1,1038
0,55.0,0,0,50.0,0,0,0,1,0,0,1,1270
0,23.0,2,1,11.5,0,0,1,0,0,0,1,530
0,50.0,0,0,13.0,0,0,1,0,0,0,1,724
1,28.0,0,0,8.05,1,1,0,0,0,0,1,1160
0,38.0,1,0,90.0,1,0,0,1,0,0,1,225
0,28.0,0,0,30.6958,0,0,0,1,0,1,0,794
1,27.0,1,0,7.925,0,1,0,0,0,0,1,910
1,50.0,0,0,28.7125,0,0,0,1,0,1,0,178
0,49.0,0,0,0.0,1,0,0,1,0,0,1,1264
0,42.0,1,0,27.0,0,0,1,0,0,0,1,218
0,22.0,2,0,31.5,0,0,1,0,0,0,1,1211
0,32.0,0,0,10.5,0,0,1,0,0,0,1,71
0,17.0,1,0,7.0542,0,1,0,0,0,0,1,722
0,34.0,0,0,6.4958,0,1,0,0,0,0,1,203
0,33.0,0,0,8.6542,0,1,0,0,0,0,1,104
0,31.0,0,0,7.775,0,1,0,0,0,0,1,806
1,1.0,1,1,11.1333,1,1,0,0,0,0,1,173
0,33.0,0,0,7.775,0,1,0,0,0,0,1,720
0,46.0,0,0,26.0,0,0,0,1,0,0,1,903
0,27.0,0,0,7.8542,0,1,0,0,0,0,1,1210
0,50.0,0,0,26.0,0,0,0,1,0,0,1,1247
1,20.0,1,0,9.825,0,1,0,0,0,0,1,114
1,21.0,1,0,9.825,0,1,0,0,0,0,1,403
0,17.0,0,0,7.125,0,1,0,0,0,0,1,434
0,22.0,0,0,7.5208,0,1,0,0,0,0,1,479
0,58.0,0,0,29.7,0,0,0,1,0,1,0,488
0,42.0,1,0,52.5542,1,0,0,1,0,0,1,622
1,1.0,1,1,12.1833,0,1,0,0,0,0,1,1155
0,29.0,0,0,9.4833,0,1,0,0,0,0,1,714
0,29.0,0,0,7.775,0,1,0,0,0,0,1,232
0,32.0,0,0,7.925,0,1,0,0,0,0,1,637
1,28.0,0,0,33.0,1,0,1,0,0,0,1,597
0,20.0,1,0,7.925,1,1,0,0,0,0,1,665
1,16.0,0,1,39.4,1,0,0,1,0,0,1,854
0,30.0,1,0,16.1,0,1,0,0,0,0,1,254
0,30.0,0,0,45.5,0,0,0,1,0,0,1,1190
0,51.0,0,0,7.0542,0,1,0,0,0,0,1,632
1,23.0,0,0,7.8542,1,1,0,0,0,0,1,1049
0,32.0,0,0,7.5792,1,1,0,0,0,0,1,1233
0,28.0,0,0,7.55,0,1,0,0,0,0,1,1147
0,24.0,0,0,7.1417,1,1,0,0,0,0,1,128
0,30.0,0,0,26.0,0,0,0,1,0,0,1,1227
1,28.0,0,0,7.8792,0,1,0,0,1,0,0,1108
0,29.0,0,0,7.925,0,1,0,0,0,0,1,989
0,28.0,0,0,7.2292,0,1,0,0,0,1,0,1180
0,19.0,1,0,53.1,0,0,0,1,0,0,1,749
0,30.0,0,0,13.0,0,0,1,0,0,0,1,419
0,40.0,0,0,16.0,0,0,1,0,0,0,1,1077
0,46.0,0,0,75.2417,0,0,0,1,0,1,0,1162
0,28.0,0,0,7.75,1,1,0,0,1,0,0,829
0,32.0,0,0,13.5,0,0,1,0,0,0,1,953
0,30.0,0,0,13.0,0,0,1,0,0,0,1,1072
0,36.0,0,0,26.2875,1,0,0,1,0,0,1,513
0,19.0,0,0,10.5,1,0,1,0,0,0,1,227
0,28.0,1,0,82.1708,0,0,0,1,0,1,0,35
0,21.0,0,0,7.775,1,1,0,0,0,0,1,1151
0,65.0,0,0,26.55,0,0,0,1,0,0,1,457
0,48.0,0,0,13.0,0,0,1,0,0,0,1,464
0,44.0,2,0,90.0,0,0,0,1,1,0,0,246
0,70.0,0,0,10.5,0,0,1,0,0,0,1,673
0,30.0,1,0,57.75,1,0,0,1,0,1,0,926
0,25.0,0,0,7.65,0,1,0,0,0,0,1,76
0,55.0,0,0,30.5,0,0,0,1,0,0,1,493
0,28.0,0,0,8.05,0,1,0,0,0,0,1,122
0,28.0,0,0,7.75,0,1,0,0,1,0,0,561
0,28.0,0,0,8.05,0,1,0,0,0,0,1,78
0,62.0,0,0,9.6875,0,0,1,0,1,0,0,894
0,33.0,0,0,8.05,0,1,0,0,0,0,1,991
1,31.0,1,0,113.275,1,0,0,1,0,1,0,216
0,58.0,0,2,113.275,0,0,0,1,0,1,0,660
1,19.0,0,2,26.2833,1,0,0,1,0,0,1,137
0,19.0,1,1,36.75,0,0,1,0,0,0,1,146
0,64.0,0,0,26.0,0,0,0,1,0,0,1,546
1,18.0,0,0,7.775,1,1,0,0,0,0,1,1089
0,28.0,0,0,13.5,0,0,1,0,0,0,1,563
0,21.0,0,0,7.8,0,1,0,0,0,0,1,52
1,22.0,0,0,7.75,1,1,0,0,0,0,1,142
1,39.0,0,0,108.9,1,0,0,1,0,1,0,1306
0,9.0,0,1,3.1708,1,1,0,0,0,0,1,913
0,28.0,0,0,22.525,0,1,0,0,0,0,1,509
0,20.0,0,0,9.225,0,1,0,0,0,0,1,683
0,28.0,0,0,25.7417,1,0,0,1,0,1,0,1097
1,20.0,0,0,8.6625,0,1,0,0,0,0,1,405
0,22.0,0,0,10.5,1,0,1,0,0,0,1,1171
0,6.0,3,1,21.075,0,1,0,0,0,0,1,1281
1,3.0,3,1,21.075,0,1,0,0,0,0,1,375
0,7.0,4,1,39.6875,0,1,0,0,0,0,1,51
0,2.0,4,1,39.6875,0,1,0,0,0,0,1,825
0,16.0,4,1,39.6875,0,1,0,0,0,0,1,267
0,28.0,0,0,10.5,0,0,1,0,0,0,1,1168
0,23.0,0,0,93.5,0,0,0,1,0,0,1,1282
1,3.0,1,1,13.775,0,1,0,0,0,0,1,1301
0,25.0,1,0,7.775,1,1,0,0,0,0,1,268
0,43.0,0,1,21.0,0,0,1,0,0,0,1,1194
1,2.0,1,1,26.0,1,0,1,0,0,0,1,531
0,34.0,1,0,21.0,0,0,1,0,0,0,1,477
0,28.0,0,0,14.5,0,1,0,0,0,0,1,539
0,19.0,0,0,10.5,0,0,1,0,0,0,1,1209
0,28.0,0,0,8.05,0,1,0,0,0,0,1,46
0,28.0,0,0,7.775,0,1,0,0,0,0,1,668
1,2.0,1,1,20.2125,0,1,0,0,0,0,1,1176
0,18.0,1,1,20.2125,0,1,0,0,0,0,1,425
0,50.0,0,0,8.05,0,1,0,0,0,0,1,483
0,16.0,0,0,8.05,0,1,0,0,0,0,1,575
0,13.0,2,2,262.375,1,0,0,1,0,1,0,956
1,18.0,2,2,262.375,1,0,0,1,0,1,0,312
0,61.0,1,3,262.375,0,0,0,1,0,1,0,1034
0,38.5,0,0,7.25,0,1,0,0,0,0,1,1307
0,28.0,8,2,69.55,0,1,0,0,0,0,1,160
1,28.0,8,2,69.55,0,1,0,0,0,0,1,181
0,28.0,8,2,69.55,0,1,0,0,0,0,1,847
0,24.0,0,0,9.325,0,1,0,0,0,0,1,1145
0,39.0,0,0,7.925,0,1,0,0,0,0,1,529
0,34.0,0,0,26.55,1,0,0,1,0,0,1,448
0,28.0,0,0,7.75,0,1,0,0,1,0,0,939
0,28.0,0,0,8.05,0,1,0,0,0,0,1,96
0,50.0,1,0,55.9,0,0,0,1,0,0,1,435
0,21.0,0,0,7.925,0,1,0,0,0,0,1,174
1,18.0,0,0,7.4958,1,1,0,0,0,0,1,787
0,59.0,0,0,13.5,0,0,1,0,0,0,1,233
0,10.0,3,2,27.9,0,1,0,0,0,0,1,820
1,30.0,0,0,12.35,1,0,1,0,1,0,0,323
0,35.0,0,0,10.5,0,0,1,0,0,0,1,813
0,28.0,0,0,35.5,1,0,0,1,0,0,1,24
0,56.0,0,0,26.55,0,0,0,1,0,0,1,468
0,56.0,0,0,30.6958,0,0,0,1,0,1,0,175
0,28.0,0,0,26.0,0,0,0,1,0,0,1,285
0,24.0,1,0,82.2667,1,0,0,1,0,0,1,1179
0,45.0,1,1,134.5,1,0,0,1,0,1,0,1134
0,32.0,0,0,8.05,0,1,0,0,0,0,1,1022
0,32.0,0,0,30.5,1,0,0,1,0,1,0,633
0,41.0,0,0,15.0458,0,0,1,0,0,1,0,1002
0,62.0,0,0,26.55,0,0,0,1,0,0,1,253
0,25.0,0,0,10.5,0,0,1,0,0,0,1,1243
1,22.0,0,0,9.8375,0,1,0,0,0,0,1,475
1,2.0,0,1,10.4625,0,1,0,0,0,0,1,206
0,44.0,0,0,7.925,1,1,0,0,0,0,1,415
0,14.0,0,0,9.225,1,1,0,0,0,0,1,897
0,14.0,0,0,65.0,0,0,1,0,0,0,1,1122
0,48.0,1,0,52.0,1,0,0,1,0,0,1,713
0,25.0,0,0,7.7958,1,1,0,0,0,0,1,987
0,49.0,1,1,110.8833,0,0,0,1,0,1,0,699
0,34.0,0,0,8.05,0,1,0,0,0,0,1,759
0,28.0,1,0,16.1,0,1,0,0,0,0,1,640
0,30.5,0,0,8.05,0,1,0,0,0,0,1,815
0,23.0,0,0,13.0,0,0,1,0,0,0,1,735
1,18.0,0,0,9.8417,1,1,0,0,0,0,1,678
0,61.0,0,0,33.5,0,0,0,1,0,0,1,171
1,10.0,0,2,24.15,0,1,0,0,0,0,1,420
0,36.0,1,1,24.15,0,1,0,0,0,0,1,596
0,47.0,0,0,34.0208,0,0,0,1,0,0,1,516
0,23.0,1,0,10.5,0,0,1,0,0,0,1,1298
0,28.0,0,0,7.55,0,1,0,0,0,0,1,1159
0,64.0,1,0,75.25,0,0,0,1,0,1,0,1128
0,28.0,0,0,0.0,0,0,1,0,0,0,1,675
0,2.0,1,1,23.0,1,0,1,0,0,0,1,981
0,54.0,0,1,77.2875,0,0,0,1,0,0,1,125
0,21.0,0,1,77.2875,0,0,0,1,0,0,1,103
1,31.0,0,2,164.8667,1,0,0,1,0,0,1,319
0,50.0,1,1,211.5,0,0,0,1,0,1,0,1299
0,27.0,0,2,211.5,0,0,0,1,0,1,0,378
0,18.0,1,0,6.4958,0,1,0,0,0,0,1,372
0,21.0,1,0,6.4958,0,1,0,0,0,0,1,1124
1,21.0,0,0,26.55,1,0,0,1,0,0,1,1123
0,51.0,0,1,61.3792,0,0,0,1,0,1,0,156
0,28.0,0,0,13.0,1,0,1,0,0,0,1,18
1,31.0,0,0,134.5,1,0,0,1,0,1,0,1263
1,36.0,0,0,135.6333,1,0,0,1,0,1,0,326
0,25.0,0,0,7.65,1,1,0,0,0,0,1,949
1,29.0,0,0,211.3375,1,0,0,1,0,0,1,731
0,0.92,1,2,151.55,1,0,0,1,0,0,1,306
0,30.0,1,2,151.55,0,0,0,1,0,0,1,1198
0,4.0,4,2,31.275,0,1,0,0,0,0,1,851
1,6.0,4,2,31.275,0,1,0,0,0,0,1,814
1,2.0,4,2,31.275,0,1,0,0,0,0,1,120
1,17.0,4,2,7.925,1,1,0,0,0,0,1,69
1,38.0,4,2,7.775,0,1,0,0,0,0,1,1106
1,9.0,4,2,31.275,0,1,0,0,0,0,1,542
1,11.0,4,2,31.275,0,1,0,0,0,0,1,543
0,24.0,0,0,7.775,0,1,0,0,0,0,1,1278
0,9.0,4,2,31.3875,0,1,0,0,0,0,1,183
0,3.0,4,2,31.3875,1,1,0,0,0,0,1,262
1,5.0,4,2,31.3875,1,1,0,0,0,0,1,234
0,28.0,0,0,10.5,0,0,1,0,0,0,1,884
0,37.0,1,1,52.5542,1,0,0,1,0,0,1,249
0,21.0,0,0,7.775,0,1,0,0,0,0,1,409
0,35.0,0,0,8.05,0,1,0,0,0,0,1,615
0,60.0,1,1,39.0,0,0,1,0,0,0,1,685
1,20.0,1,0,26.0,1,0,1,0,0,0,1,1167
0,25.0,1,0,26.0,0,0,1,0,0,0,1,729
1,41.0,0,0,134.5,1,0,0,1,0,1,0,338
0,45.0,0,0,26.55,0,0,0,1,0,0,1,537
0,42.0,0,0,26.2875,1,0,0,1,0,0,1,708
0,0.83,0,2,29.0,1,0,1,0,0,0,1,79
0,36.0,0,1,512.3292,1,0,0,1,0,1,0,680
0,11.0,1,2,120.0,1,0,0,1,0,0,1,803
0,36.0,1,0,78.85,0,0,0,1,0,0,1,742
0,27.0,1,0,53.1,1,0,0,1,0,0,1,725
0,29.0,1,0,26.0,0,0,1,0,0,0,1,1220
0,20.0,0,0,7.05,0,1,0,0,0,0,1,132
0,29.0,0,0,10.5,0,0,1,0,0,0,1,243
0,37.0,1,1,83.1583,0,0,0,1,0,1,0,1073
0,28.0,0,0,0.0,0,0,1,0,0,0,1,414
0,0.33,0,2,14.4,0,1,0,0,0,0,1,1093
0,8.0,1,1,36.75,1,0,1,0,0,0,1,550
0,36.5,1,0,17.4,1,1,0,0,0,0,1,1152
1,0.17,1,2,20.575,1,1,0,0,0,0,1,1246
0,8.0,0,2,32.5,1,0,1,0,0,0,1,1086
0,18.0,0,0,7.775,0,1,0,0,0,0,1,676
1,5.0,0,0,12.475,1,1,0,0,0,0,1,778
1,38.0,0,0,227.525,1,0,0,1,0,1,0,717
1,54.0,1,0,78.2667,1,0,0,1,0,1,0,497
0,18.0,0,0,10.5,0,0,1,0,0,0,1,1232
0,18.0,0,0,7.7958,0,1,0,0,0,0,1,689
0,30.0,0,0,27.75,0,0,0,1,0,1,0,453
1,24.0,3,2,263.0,1,0,0,1,0,0,1,342
0,19.0,3,2,263.0,0,0,0,1,0,0,1,28
1,30.0,0,0,56.9292,1,0,0,1,0,1,0,310
0,50.0,2,0,133.65,1,0,0,1,0,0,1,661
1,22.0,0,2,49.5,1,0,0,1,0,1,0,540
1,22.0,0,1,59.4,1,0,0,1,0,1,0,1294
0,9.0,5,2,46.9,0,1,0,0,0,0,1,481
0,11.0,5,2,46.9,0,1,0,0,0,0,1,60
0,23.0,0,1,63.3583,1,0,0,1,0,1,0,98
0,32.0,0,0,8.3625,0,1,0,0,0,0,1,770
0,20.0,0,0,9.8458,0,1,0,0,0,0,1,877
0,37.0,2,0,7.925,0,1,0,0,0,0,1,105
0,28.0,1,0,19.9667,0,1,0,0,0,0,1,452
0,28.0,1,0,19.9667,0,1,0,0,0,0,1,491
0,28.0,1,0,15.85,0,1,0,0,0,0,1,404
0,28.0,0,1,33.0,0,0,1,0,0,0,1,849
1,24.0,0,0,83.1583,1,0,0,1,0,1,0,311
1,28.0,0,0,7.775,0,1,0,0,0,0,1,1304
0,36.0,0,0,13.0,0,0,1,0,0,0,1,1121
0,43.0,0,0,6.45,0,1,0,0,0,0,1,819
0,42.0,1,0,52.0,0,0,0,1,0,0,1,36
1,25.0,1,0,7.925,0,1,0,0,0,0,1,730
0,24.0,2,0,31.5,0,0,1,0,0,0,1,923
0,4.0,1,1,11.1333,1,1,0,0,0,0,1,870
0,21.0,0,0,8.4333,0,1,0,0,0,0,1,653
0,21.0,0,0,7.7958,1,1,0,0,0,0,1,1115
0,33.0,0,0,7.8542,0,1,0,0,0,0,1,1087
1,4.0,0,2,22.025,1,1,0,0,0,0,1,185
0,31.0,0,0,10.5,0,0,1,0,0,0,1,440
1,37.0,0,0,9.5875,0,1,0,0,0,0,1,504
1,22.0,0,0,7.25,1,1,0,0,0,0,1,377
0,25.0,1,2,41.5792,0,0,1,0,0,1,0,686
0,24.0,0,0,10.5,0,0,1,0,0,0,1,235
1,25.0,0,0,7.775,0,1,0,0,0,0,1,247
1,45.0,0,0,7.75,0,1,0,0,0,0,1,277
0,36.0,1,0,15.55,0,1,0,0,0,0,1,606
1,21.0,0,0,77.9583,1,0,0,1,0,0,1,628
1,15.0,0,1,211.3375,1,0,0,1,0,0,1,690
0,22.0,0,0,7.125,0,1,0,0,0,0,1,244
0,18.0,0,0,7.75,0,1,0,0,0,0,1,776
0,2.0,1,1,26.0,1,0,1,0,0,0,1,341
1,29.0,0,0,7.925,0,1,0,0,0,0,1,964
1,26.0,0,0,7.8542,1,1,0,0,0,0,1,316
0,21.0,0,0,7.8542,0,1,0,0,0,0,1,1153
1,28.0,0,0,7.6292,0,1,0,0,1,0,0,503
0,42.0,0,1,8.4042,0,1,0,0,0,0,1,198
0,28.0,0,0,7.8542,0,1,0,0,0,0,1,282
0,65.0,0,1,61.9792,0,0,0,1,0,1,0,55
0,2.0,3,1,21.075,0,1,0,0,0,0,1,8
1,8.0,3,1,21.075,0,1,0,0,0,0,1,25
0,28.0,0,0,0.0,0,0,0,1,0,0,1,634
0,25.0,0,0,7.925,0,1,0,0,0,0,1,937
0,19.0,0,0,10.5,0,0,1,0,0,0,1,239
0,52.0,0,0,30.5,1,0,0,1,0,0,1,450
1,21.0,0,1,21.0,1,0,1,0,0,0,1,1078
0,30.0,0,0,12.7375,1,0,1,0,0,1,0,1156
0,47.0,0,0,52.0,0,0,0,1,0,0,1,111
0,28.0,0,0,39.6,1,0,0,1,0,0,1,1182
0,3.0,1,1,18.75,1,0,1,0,0,0,1,408
1,33.0,0,0,27.7208,1,0,0,1,0,1,0,1100
1,21.0,0,0,7.65,1,1,0,0,0,0,1,107
1,1.0,1,1,16.7,1,1,0,0,0,0,1,1009
1,4.0,1,1,16.7,1,1,0,0,0,0,1,11
0,20.0,0,0,8.05,0,1,0,0,0,0,1,13
0,24.5,0,0,8.05,0,1,0,0,0,0,1,677
1,18.0,0,2,13.0,1,0,1,0,0,0,1,418
0,35.0,0,0,26.2875,1,0,0,1,0,0,1,702
1,2.0,3,2,27.9,0,1,0,0,0,0,1,643
0,28.0,0,0,8.05,0,1,0,0,0,0,1,88
0,25.0,0,0,13.0,0,0,1,0,0,0,1,135
0,30.0,0,0,8.05,0,1,0,0,0,0,1,489
0,6.0,0,2,134.5,1,0,0,1,0,1,0,1088
0,57.0,1,0,146.5208,0,0,0,1,0,1,0,1208
1,23.0,0,0,7.55,1,1,0,0,0,0,1,650
0,54.0,1,0,55.4417,1,0,0,1,0,1,0,1069
0,16.0,0,0,8.05,1,1,0,0,0,0,1,221
0,31.0,0,0,28.5375,1,0,0,1,0,1,0,960
0,28.0,1,1,14.5,0,1,0,0,0,0,1,1236
0,11.5,1,1,14.5,0,1,0,0,0,0,1,1084
0,40.5,0,2,14.5,0,1,0,0,0,0,1,154
1,14.0,0,0,7.8542,0,1,0,0,0,0,1,15
1,19.0,1,0,7.8542,1,1,0,0,0,0,1,193
0,40.0,1,5,31.3875,0,1,0,0,0,0,1,1066
1,24.0,0,0,69.3,1,0,0,1,0,1,0,370
0,28.0,0,0,26.55,1,0,0,1,0,0,1,431
0,54.0,1,0,26.0,0,0,1,0,0,0,1,250
0,42.0,0,0,7.65,0,1,0,0,0,0,1,700
0,30.0,1,1,26.0,0,0,1,0,0,0,1,1041
1,3.0,1,2,41.5792,1,0,1,0,0,1,0,44
0,25.0,0,0,13.0,0,0,1,0,0,0,1,344
0,19.0,0,0,7.65,0,1,0,0,0,0,1,716
